cycle_id,scheduled_position,original_group_id,group_size,priority,budget,actual_fe,fitness_before,fitness_after,actual_delta,overlap_var_count,overlap_ratio,conflict_prior_mean,was_sorted
0,0,0,10,0.9689440993788819,36,36,173.9573011143495,140.09408583076566,33.86321528358383,2,0.2,0.0,False
0,1,1,10,1.0062111801242235,36,36,140.09408583076566,111.08414609934117,29.009939731424495,4,0.4,0.0,False
0,2,2,4,1.0248447204968945,36,35,111.08414609934117,88.58844963714506,22.495696462196108,2,0.5,0.0,False
