cycle_id,scheduled_position,original_group_id,group_size,priority,budget,actual_fe,fitness_before,fitness_after,actual_delta,overlap_var_count,overlap_ratio,conflict_prior_mean,was_sorted
0,0,0,10,1.2740227884667887,36,36,172.7658218670643,139.23996763504687,33.52585423201742,2,0.2,9.164724534826973e-12,True
0,1,2,4,0.9592692429343405,36,36,139.23996763504687,119.93641591550657,19.303551719540295,2,0.5,1.7152279596643893e-11,True
0,2,1,10,0.7667079685988707,36,35,119.93641591550657,91.63103531353481,28.305380601971763,4,0.4,1.3158502065735433e-11,True
