cycle_id,scheduled_position,original_group_id,group_size,priority,budget,actual_fe,fitness_before,fitness_after,actual_delta,overlap_var_count,overlap_ratio,conflict_prior_mean,was_sorted
0,0,0,10,1.1573310304984716,26,26,149.4279799104608,117.77368251217649,31.654297398284314,2,0.2,0.3872542230725556,False
0,1,1,10,0.9686289497674196,26,26,117.77368251217649,88.89478712212329,28.878895390053202,4,0.4,0.21590983445790682,False
0,2,2,4,0.8740400197341088,26,25,88.89478712212329,82.43406978559646,6.460717336526827,2,0.5,0.044565445843258056,False
