cycle_id,scheduled_position,original_group_id,group_size,priority,budget,actual_fe,fitness_before,fitness_after,actual_delta,overlap_var_count,overlap_ratio,conflict_prior_mean,was_sorted
0,0,0,10,1.1077963403985196,36,36,176.374640641639,141.85697491273868,34.51766572890031,2,0.2,4.088746008434896e-11,True
0,1,2,4,0.9618356877952459,36,36,141.85697491273868,123.94906339337795,17.907911519360724,2,0.5,4.0273451240580016e-11,True
0,2,1,10,0.9303679718062348,36,35,123.94906339337795,89.51345600583525,34.4356073875427,4,0.4,4.058045566246449e-11,True
