cycle_id,scheduled_position,original_group_id,group_size,priority,budget,actual_fe,fitness_before,fitness_after,actual_delta,overlap_var_count,overlap_ratio,conflict_prior_mean,was_sorted
0,0,0,10,0.9022158988625488,36,36,171.7682785404258,123.7300773634538,48.038201176971995,2,0.2,1.1298295632400368e-11,False
0,1,1,10,0.9655534714581995,36,36,123.7300773634538,99.10122426428475,24.62885309916905,4,0.4,1.0019318708032188e-11,False
0,2,2,4,1.1322306296792521,36,35,99.10122426428475,80.80422442607517,18.296999838209587,2,0.5,8.740341783664007e-12,False
