cycle_id,scheduled_position,original_group_id,group_size,priority,budget,actual_fe,fitness_before,fitness_after,actual_delta,overlap_var_count,overlap_ratio,conflict_prior_mean,was_sorted
0,0,0,10,0.9689440993788819,36,36,176.374640641639,141.85697491273868,34.51766572890031,2,0.2,0.0,False
0,1,1,10,1.0062111801242235,36,36,141.85697491273868,98.55445092082284,43.302523991915834,4,0.4,0.0,False
0,2,2,4,1.0248447204968945,36,35,98.55445092082284,77.1123679521038,21.44208296871905,2,0.5,0.0,False
