cycle_id,scheduled_position,original_group_id,group_size,priority,budget,actual_fe,fitness_before,fitness_after,actual_delta,overlap_var_count,overlap_ratio,conflict_prior_mean,was_sorted
0,0,0,10,0.8437667940608102,36,36,173.9573011143495,140.09408583076566,33.86321528358383,2,0.2,6.318284784256889e-11,False
0,1,1,10,1.3258077755366604,36,36,140.09408583076566,111.08414609934117,29.009939731424495,4,0.4,4.0101116871582576e-11,False
0,2,2,4,0.8304254304025295,36,35,111.08414609934117,88.58844963714506,22.495696462196108,2,0.5,1.7019385900596262e-11,False
