cycle_id,scheduled_position,original_group_id,group_size,priority,budget,actual_fe,fitness_before,fitness_after,actual_delta,overlap_var_count,overlap_ratio,conflict_prior_mean,was_sorted
0,0,1,10,1.3258077755366604,36,36,173.9573011143495,131.18863460964064,42.76866650470885,4,0.4,4.0101116871582576e-11,True
0,1,0,10,0.8437667940608102,36,36,131.18863460964064,89.58765316465876,41.60098144498188,2,0.2,6.318284784256889e-11,True
0,2,2,4,0.8304254304025295,36,35,89.58765316465876,73.93816108179163,15.649492082867127,2,0.5,1.7019385900596262e-11,True
