cycle_id,scheduled_position,original_group_id,group_size,priority,budget,actual_fe,fitness_before,fitness_after,actual_delta,overlap_var_count,overlap_ratio,conflict_prior_mean,was_sorted
0,0,0,10,0.9689440993788819,36,36,172.7658218670643,139.23996763504687,33.52585423201742,2,0.2,0.0,False
0,1,1,10,1.0062111801242235,36,36,139.23996763504687,109.40151924165843,29.838448393388433,4,0.4,0.0,False
0,2,2,4,1.0248447204968945,36,35,109.40151924165843,88.75727896833595,20.64424027332248,2,0.5,0.0,False
